iso3,code,usd_2025
ABW,i154_FBB5$,80.37
ABW,i271mb_5GB$,27.93
ABW,i271mb_high_5GB$,33.52
AFG,i154_FBB5$,6.97
AFG,i271mb_5GB$,6.97
AFG,i271mb_high_5GB$,8.78
AGO,i154_FBB5$,30.69
AGO,i271mb_5GB$,5.48
AGO,i271mb_high_5GB$,4.61
AIA,i154_FBB5$,66.54
AIA,i271mb_5GB$,37.04
AIA,i271mb_high_5GB$,52
ALB,i154_FBB5$,17.02
ALB,i271mb_5GB$,13.83
ALB,i271mb_high_5GB$,15.95
AND,i154_FBB5$,16.83
AND,i271mb_5GB$,11.57
AND,i271mb_high_5GB$,18.94
ARE,i154_FBB5$,19.73
ARE,i271mb_5GB$,29.16
ARE,i271mb_high_5GB$,35.06
ARG,i154_FBB5$,65.78
ARG,i271mb_5GB$,5.54
ARG,i271mb_high_5GB$,8.29
ARM,i154_FBB5$,17.7
ARM,i271mb_5GB$,5.56
ARM,i271mb_high_5GB$,5.56
ASM,i154_FBB5$,55
ASM,i271mb_5GB$,30
ASM,i271mb_high_5GB$,30
ATG,i154_FBB5$,59.26
ATG,i271mb_5GB$,42.59
ATG,i271mb_high_5GB$,42.59
AUS,i154_FBB5$,55.83
AUS,i271mb_5GB$,15.68
AUS,i271mb_high_5GB$,24.47
AUT,i154_FBB5$,31.46
AUT,i271mb_5GB$,8.41
AUT,i271mb_high_5GB$,8.41
AZE,i154_FBB5$,7.65
AZE,i271mb_5GB$,5.12
AZE,i271mb_high_5GB$,8.65
BDI,i154_FBB5$,64.88
BDI,i271mb_5GB$,5.34
BDI,i271mb_high_5GB$,11.45
BEL,i154_FBB5$,42.07
BEL,i271mb_5GB$,15.78
BEL,i271mb_high_5GB$,17.87
BEN,i154_FBB5$,25.66
BEN,i271mb_5GB$,8.21
BEN,i271mb_high_5GB$,14.76
BFA,i154_FBB5$,24.06
BFA,i271mb_5GB$,6.74
BFA,i271mb_high_5GB$,12.39
BGD,i154_FBB5$,2.37
BGD,i271mb_5GB$,1.72
BGD,i271mb_high_5GB$,2.68
BGR,i154_FBB5$,13.88
BGR,i271mb_5GB$,5.38
BGR,i271mb_high_5GB$,8.07
BHR,i154_FBB5$,35.11
BHR,i271mb_5GB$,13.3
BHR,i271mb_high_5GB$,25.53
BHS,i154_FBB5$,54.45
BHS,i271mb_5GB$,40
BHS,i271mb_high_5GB$,40
BIH,i154_FBB5$,13.92
BIH,i271mb_5GB$,8.44
BIH,i271mb_high_5GB$,13.44
BLR,i154_FBB5$,3.3
BLR,i271mb_5GB$,4.51
BLR,i271mb_high_5GB$,4.99
BLZ,i154_FBB5$,24.5
BLZ,i271mb_5GB$,17.5
BLZ,i271mb_high_5GB$,18
BMU,i154_FBB5$,80
BMU,i271mb_5GB$,80
BMU,i271mb_high_5GB$,80
BOL,i154_FBB5$,25.9
BOL,i271mb_5GB$,7.24
BOL,i271mb_high_5GB$,24.04
BRA,i154_FBB5$,17.09
BRA,i271mb_5GB$,4.96
BRA,i271mb_high_5GB$,4.96
BRB,i154_FBB5$,60
BRB,i271mb_5GB$,35
BRB,i271mb_high_5GB$,52.5
BRN,i154_FBB5$,28.92
BRN,i271mb_5GB$,9.64
BRN,i271mb_high_5GB$,13.35
BTN,i154_FBB5$,5.76
BTN,i271mb_5GB$,4.37
BTN,i271mb_high_5GB$,6.75
BWA,i154_FBB5$,49.97
BWA,i271mb_5GB$,8.68
BWA,i271mb_high_5GB$,17.72
CAF,i154_FBB5$,33.96
CAF,i271mb_5GB$,23.8
CAF,i271mb_high_5GB$,25.02
CAN,i154_FBB5$,70.87
CAN,i271mb_5GB$,22.84
CAN,i271mb_high_5GB$,22.84
CHE,i154_FBB5$,72.2
CHE,i271mb_5GB$,38.82
CHE,i271mb_high_5GB$,44.39
CHL,i154_FBB5$,23.87
CHL,i271mb_5GB$,5.19
CHL,i271mb_high_5GB$,6.23
CHN,i154_FBB5$,4.12
CHN,i271mb_5GB$,2.75
CHN,i271mb_high_5GB$,6.94
CIV,i154_FBB5$,24.06
CIV,i271mb_5GB$,6.42
CIV,i271mb_high_5GB$,8.02
CMR,i154_FBB5$,24.06
CMR,i271mb_5GB$,8.02
CMR,i271mb_high_5GB$,18.89
COD,i271mb_5GB$,10
COD,i271mb_high_5GB$,16.7
COG,i154_FBB5$,24.06
COG,i271mb_5GB$,10.2
COG,i271mb_high_5GB$,14.7
COK,i154_FBB5$,27.82
COK,i271mb_5GB$,23.56
COK,i271mb_high_5GB$,27.82
COL,i154_FBB5$,17.44
COL,i271mb_5GB$,6.89
COL,i271mb_high_5GB$,7.35
COM,i154_FBB5$,34.49
COM,i271mb_5GB$,10.7
COM,i271mb_high_5GB$,10.7
CPV,i154_FBB5$,8.57
CPV,i271mb_5GB$,6.67
CPV,i271mb_high_5GB$,6.67
CRI,i154_FBB5$,41.93
CRI,i271mb_5GB$,11.69
CRI,i271mb_high_5GB$,11.69
CUB,i154_FBB5$,14.58
CUB,i271mb_5GB$,16.67
CUB,i271mb_high_5GB$,36.07
CUW,i154_FBB5$,66.48
CUW,i271mb_5GB$,36.31
CUW,i271mb_high_5GB$,51.96
CYM,i154_FBB5$,108
CYM,i271mb_5GB$,83.88
CYM,i271mb_high_5GB$,83.88
CYP,i154_FBB5$,43.66
CYP,i271mb_5GB$,10.52
CYP,i271mb_high_5GB$,10.52
CZE,i154_FBB5$,25.13
CZE,i271mb_5GB$,11.12
CZE,i271mb_high_5GB$,20.34
DEU,i154_FBB5$,34.65
DEU,i271mb_5GB$,10.51
DEU,i271mb_high_5GB$,10.51
DJI,i154_FBB5$,15.47
DJI,i271mb_5GB$,16.88
DJI,i271mb_high_5GB$,28.13
DMA,i154_FBB5$,40.74
DMA,i271mb_5GB$,40.74
DMA,i271mb_high_5GB$,40.74
DNK,i154_FBB5$,42.16
DNK,i271mb_5GB$,16.78
DNK,i271mb_high_5GB$,25.24
DOM,i154_FBB5$,15.96
DOM,i271mb_5GB$,14.43
DOM,i271mb_high_5GB$,21.73
DZA,i154_FBB5$,11.88
DZA,i271mb_5GB$,2.23
DZA,i271mb_high_5GB$,7.42
ECU,i154_FBB5$,24.73
ECU,i271mb_5GB$,10.5
ECU,i271mb_high_5GB$,11.68
EGY,i154_FBB5$,4.74
EGY,i271mb_5GB$,2.97
EGY,i271mb_high_5GB$,3.61
ESP,i154_FBB5$,20.99
ESP,i271mb_5GB$,10.52
ESP,i271mb_high_5GB$,11.57
EST,i154_FBB5$,19.99
EST,i271mb_5GB$,7.36
EST,i271mb_high_5GB$,9.47
ETH,i154_FBB5$,5.52
ETH,i271mb_5GB$,2.13
ETH,i271mb_high_5GB$,2.13
FIN,i154_FBB5$,42.58
FIN,i271mb_5GB$,5.57
FIN,i271mb_high_5GB$,26.48
FJI,i154_FBB5$,6.78
FJI,i271mb_5GB$,13.7
FJI,i271mb_high_5GB$,40.16
FLK,i154_FBB5$,18.89
FLK,i271mb_5GB$,62.96
FLK,i271mb_high_5GB$,62.96
FRA,i154_FBB5$,35.76
FRA,i271mb_5GB$,10.51
FRA,i271mb_high_5GB$,10.51
FRO,i154_FBB5$,67.55
FRO,i271mb_5GB$,22.14
FRO,i271mb_high_5GB$,22.14
FSM,i154_FBB5$,20
FSM,i271mb_5GB$,30
FSM,i271mb_high_5GB$,40
GAB,i154_FBB5$,40.1
GAB,i271mb_5GB$,16.04
GAB,i271mb_high_5GB$,16.04
GBR,i154_FBB5$,42.8
GBR,i271mb_5GB$,12.59
GBR,i271mb_high_5GB$,12.59
GEO,i154_FBB5$,13.15
GEO,i271mb_5GB$,4.26
GEO,i271mb_high_5GB$,7.68
GHA,i154_FBB5$,6.55
GHA,i271mb_5GB$,5.5
GHA,i271mb_high_5GB$,6.85
GIB,i154_FBB5$,49.11
GIB,i271mb_5GB$,18.89
GIB,i271mb_high_5GB$,37.78
GIN,i154_FBB5$,5.82
GIN,i271mb_5GB$,6.72
GIN,i271mb_high_5GB$,13.86
GMB,i271mb_5GB$,6.13
GMB,i271mb_high_5GB$,11.39
GNB,i154_FBB5$,33.28
GNB,i271mb_5GB$,8.02
GNB,i271mb_high_5GB$,12.03
GRC,i154_FBB5$,29.35
GRC,i271mb_5GB$,10.3
GRC,i271mb_high_5GB$,14.96
GRD,i154_FBB5$,39.63
GRD,i271mb_5GB$,44.41
GRD,i271mb_high_5GB$,44.41
GRL,i154_FBB5$,70.37
GRL,i271mb_5GB$,50.63
GRL,i271mb_high_5GB$,50.63
GTM,i154_FBB5$,28.4
GTM,i271mb_5GB$,14.91
GTM,i271mb_high_5GB$,14.91
GUF,i154_FBB5$,41.98
GUF,i271mb_5GB$,25.25
GUF,i271mb_high_5GB$,30.51
GUM,i154_FBB5$,50
GUM,i271mb_5GB$,10
GUM,i271mb_high_5GB$,35
GUY,i154_FBB5$,27.33
GUY,i271mb_5GB$,18.99
GUY,i271mb_high_5GB$,27.96
HKG,i154_FBB5$,21.59
HKG,i271mb_5GB$,4.24
HKG,i271mb_high_5GB$,5.01
HND,i154_FBB5$,18.99
HND,i271mb_5GB$,17.23
HND,i271mb_high_5GB$,26.12
HRV,i154_FBB5$,7.8
HRV,i271mb_5GB$,4.21
HRV,i271mb_high_5GB$,8.42
HTI,i154_FBB5$,55
HTI,i271mb_5GB$,3.06
HTI,i271mb_high_5GB$,3.69
HUN,i154_FBB5$,16.27
HUN,i271mb_5GB$,7.77
HUN,i271mb_high_5GB$,21.35
IDN,i154_FBB5$,10.18
IDN,i271mb_5GB$,0.92
IDN,i271mb_high_5GB$,4.76
IND,i154_FBB5$,5.43
IND,i271mb_5GB$,2.02
IND,i271mb_high_5GB$,2.87
IRL,i154_FBB5$,36.81
IRL,i271mb_5GB$,21.04
IRL,i271mb_high_5GB$,21.04
IRN,i154_FBB5$,0.55
IRN,i271mb_5GB$,0.52
IRN,i271mb_high_5GB$,0.66
IRQ,i154_FBB5$,26.92
IRQ,i271mb_5GB$,7.69
IRQ,i271mb_high_5GB$,11.54
ISL,i154_FBB5$,75.84
ISL,i271mb_5GB$,17.33
ISL,i271mb_high_5GB$,17.33
ISR,i154_FBB5$,29.49
ISR,i271mb_5GB$,12.15
ISR,i271mb_high_5GB$,12.15
ITA,i154_FBB5$,31.46
ITA,i271mb_5GB$,10.51
ITA,i271mb_high_5GB$,15.77
JAM,i154_FBB5$,42.18
JAM,i271mb_5GB$,25.47
JAM,i271mb_high_5GB$,32.44
JOR,i154_FBB5$,21.24
JOR,i271mb_5GB$,13.07
JOR,i271mb_high_5GB$,15.69
JPN,i154_FBB5$,28.85
JPN,i271mb_5GB$,18.54
JPN,i271mb_high_5GB$,19.91
KAZ,i154_FBB5$,7.85
KAZ,i271mb_5GB$,11.77
KAZ,i271mb_high_5GB$,11.77
KEN,i154_FBB5$,23.19
KEN,i271mb_5GB$,7.73
KEN,i271mb_high_5GB$,7.73
KGZ,i154_FBB5$,10.89
KGZ,i271mb_5GB$,2.87
KGZ,i271mb_high_5GB$,2.87
KHM,i154_FBB5$,15
KHM,i271mb_5GB$,1
KHM,i271mb_high_5GB$,4
KIR,i271mb_5GB$,12.55
KIR,i271mb_high_5GB$,29.17
KNA,i154_FBB5$,58.5
KNA,i271mb_5GB$,37.04
KNA,i271mb_high_5GB$,37.04
KOR,i154_FBB5$,23.85
KOR,i271mb_5GB$,11.36
KOR,i271mb_high_5GB$,18.59
KWT,i154_FBB5$,16.21
KWT,i271mb_5GB$,16.21
KWT,i271mb_high_5GB$,20.75
LAO,i154_FBB5$,7.58
LAO,i271mb_5GB$,1.84
LAO,i271mb_high_5GB$,4.32
LBN,i154_FBB5$,5.21
LBN,i271mb_5GB$,9.43
LBN,i271mb_high_5GB$,14.59
LBR,i154_FBB5$,93
LBR,i271mb_5GB$,8
LBR,i271mb_high_5GB$,10
LBY,i154_FBB5$,4.09
LBY,i271mb_5GB$,2.04
LBY,i271mb_high_5GB$,3.97
LCA,i154_FBB5$,42.52
LCA,i271mb_5GB$,45.56
LCA,i271mb_high_5GB$,48.47
LIE,i154_FBB5$,66.63
LIE,i271mb_5GB$,11.01
LIE,i271mb_high_5GB$,22.14
LKA,i154_FBB5$,2.46
LKA,i271mb_5GB$,1.74
LKA,i271mb_high_5GB$,2.41
LSO,i154_FBB5$,5.35
LSO,i271mb_5GB$,8
LSO,i271mb_high_5GB$,12.46
LTU,i154_FBB5$,9.36
LTU,i271mb_5GB$,7.25
LTU,i271mb_high_5GB$,6.83
LUX,i154_FBB5$,54.71
LUX,i271mb_5GB$,11.57
LUX,i271mb_high_5GB$,11.57
LVA,i154_FBB5$,18.41
LVA,i271mb_5GB$,10.5
LVA,i271mb_high_5GB$,16.82
MAC,i154_FBB5$,31.2
MAC,i271mb_5GB$,5.99
MAC,i271mb_high_5GB$,11.61
MAR,i154_FBB5$,9.99
MAR,i271mb_5GB$,4.95
MAR,i271mb_high_5GB$,7.06
MCO,i154_FBB5$,42.07
MCO,i271mb_5GB$,42.07
MCO,i271mb_high_5GB$,52.59
MDA,i154_FBB5$,9.33
MDA,i271mb_5GB$,3.25
MDA,i271mb_high_5GB$,3.79
MDG,i154_FBB5$,10.46
MDG,i271mb_5GB$,5.34
MDG,i271mb_high_5GB$,8.03
MDV,i154_FBB5$,17.52
MDV,i271mb_5GB$,21.02
MDV,i271mb_high_5GB$,22.43
MEX,i154_FBB5$,17.09
MEX,i271mb_5GB$,12.19
MEX,i271mb_high_5GB$,14.69
MHL,i154_FBB5$,49.95
MHL,i271mb_5GB$,25
MHL,i271mb_high_5GB$,25
MKD,i154_FBB5$,15.34
MKD,i271mb_5GB$,9.37
MKD,i271mb_high_5GB$,14.99
MLI,i154_FBB5$,15.88
MLI,i271mb_5GB$,8.02
MLI,i271mb_high_5GB$,14.43
MLT,i154_FBB5$,29.45
MLT,i271mb_5GB$,10.51
MLT,i271mb_high_5GB$,10.51
MMR,i154_FBB5$,3.35
MMR,i271mb_5GB$,4.04
MMR,i271mb_high_5GB$,4.73
MNE,i154_FBB5$,25.14
MNE,i271mb_5GB$,10.52
MNE,i271mb_high_5GB$,10.52
MNG,i154_FBB5$,9.26
MNG,i271mb_5GB$,4.05
MNG,i271mb_high_5GB$,5.87
MNP,i154_FBB5$,95
MNP,i271mb_5GB$,10
MNP,i271mb_high_5GB$,35
MOZ,i154_FBB5$,21.17
MOZ,i271mb_5GB$,3.07
MOZ,i271mb_high_5GB$,4.07
MRT,i154_FBB5$,30.14
MRT,i271mb_5GB$,5.02
MRT,i271mb_high_5GB$,6.28
MUS,i154_FBB5$,10.73
MUS,i271mb_5GB$,5.89
MUS,i271mb_high_5GB$,9.76
MWI,i154_FBB5$,8.57
MWI,i271mb_5GB$,3.43
MWI,i271mb_high_5GB$,4.68
MYS,i154_FBB5$,21.2
MYS,i271mb_5GB$,2.25
MYS,i271mb_high_5GB$,5.17
NAM,i154_FBB5$,18.86
NAM,i271mb_5GB$,9.7
NAM,i271mb_high_5GB$,9.7
NCL,i271mb_5GB$,26.17
NCL,i271mb_high_5GB$,31.5
NER,i154_FBB5$,29.49
NER,i271mb_5GB$,8.02
NER,i271mb_high_5GB$,10.26
NGA,i154_FBB5$,9.75
NGA,i271mb_5GB$,0.99
NGA,i271mb_high_5GB$,2.17
NIC,i154_FBB5$,17.17
NIC,i271mb_5GB$,8.74
NIC,i271mb_high_5GB$,8.74
NIU,i154_FBB5$,15.9
NIU,i271mb_5GB$,15.9
NIU,i271mb_high_5GB$,27.48
NLD,i154_FBB5$,41.56
NLD,i271mb_5GB$,23.67
NLD,i271mb_high_5GB$,26.3
NOR,i154_FBB5$,85.93
NOR,i271mb_5GB$,27.08
NOR,i271mb_high_5GB$,34.32
NPL,i154_FBB5$,8.58
NPL,i271mb_5GB$,2.16
NPL,i271mb_high_5GB$,3.61
NRU,i271mb_5GB$,62.1
NRU,i271mb_high_5GB$,62.1
NZL,i154_FBB5$,36.91
NZL,i271mb_5GB$,23.28
NZL,i271mb_high_5GB$,25.55
OMN,i154_FBB5$,73.73
OMN,i271mb_5GB$,7.28
OMN,i271mb_high_5GB$,13
PAK,i154_FBB5$,4.92
PAK,i271mb_5GB$,2.13
PAK,i271mb_high_5GB$,2.54
PAN,i154_FBB5$,39.59
PAN,i271mb_5GB$,21.4
PAN,i271mb_high_5GB$,21.4
PER,i154_FBB5$,18.87
PER,i271mb_5GB$,7.56
PER,i271mb_high_5GB$,7.56
PHL,i154_FBB5$,15.51
PHL,i271mb_5GB$,6.18
PHL,i271mb_high_5GB$,8.9
PLW,i154_FBB5$,63.6
PLW,i271mb_5GB$,26.5
PLW,i271mb_high_5GB$,26.5
PNG,i154_FBB5$,7.46
PNG,i271mb_5GB$,28
PNG,i271mb_high_5GB$,28.5
POL,i154_FBB5$,16.26
POL,i271mb_5GB$,7.5
POL,i271mb_high_5GB$,7.5
PRI,i154_FBB5$,26.75
PRI,i271mb_5GB$,16.73
PRI,i271mb_high_5GB$,16.73
PRT,i154_FBB5$,15.78
PRT,i271mb_5GB$,8.42
PRT,i271mb_high_5GB$,8.42
PRY,i154_FBB5$,18.94
PRY,i271mb_5GB$,6.95
PRY,i271mb_high_5GB$,7.58
PSE,i154_FBB5$,13.8
PSE,i271mb_5GB$,13.53
PSE,i271mb_high_5GB$,27.75
PYF,i154_FBB5$,53.78
PYF,i271mb_5GB$,8.82
PYF,i271mb_high_5GB$,16.45
QAT,i154_FBB5$,100.27
QAT,i271mb_5GB$,13.74
QAT,i271mb_high_5GB$,17.86
ROU,i154_FBB5$,6.34
ROU,i271mb_5GB$,6.26
ROU,i271mb_high_5GB$,6.26
RUS,i154_FBB5$,6.41
RUS,i271mb_5GB$,7.47
RUS,i271mb_high_5GB$,8.44
RWA,i154_FBB5$,17.86
RWA,i271mb_5GB$,1.43
RWA,i271mb_high_5GB$,2.86
SAU,i154_FBB5$,8
SAU,i271mb_5GB$,19.93
SAU,i271mb_high_5GB$,21.27
SDN,i154_FBB5$,23.07
SDN,i271mb_5GB$,4.17
SDN,i271mb_high_5GB$,7.09
SEN,i154_FBB5$,20.69
SEN,i271mb_5GB$,6.42
SEN,i271mb_high_5GB$,7.22
SGP,i154_FBB5$,58.58
SGP,i271mb_5GB$,11.12
SGP,i271mb_high_5GB$,11.12
SHN,i154_FBB5$,18.42
SHN,i271mb_5GB$,13.85
SHN,i271mb_high_5GB$,29.78
SLB,i271mb_5GB$,11.85
SLB,i271mb_high_5GB$,29.45
SLE,i271mb_5GB$,4.26
SLE,i271mb_high_5GB$,14.98
SLV,i154_FBB5$,25
SLV,i271mb_5GB$,12
SLV,i271mb_high_5GB$,12
SMR,i154_FBB5$,37.77
SMR,i271mb_5GB$,10.52
SMR,i271mb_high_5GB$,21.99
SOM,i154_FBB5$,25
SOM,i271mb_5GB$,2
SOM,i271mb_high_5GB$,2
SRB,i154_FBB5$,21.53
SRB,i271mb_5GB$,9.87
SRB,i271mb_high_5GB$,15.24
SSD,i271mb_5GB$,6.07
SSD,i271mb_high_5GB$,7.55
STP,i154_FBB5$,33.71
STP,i271mb_5GB$,11.75
STP,i271mb_high_5GB$,17.5
SUR,i154_FBB5$,14.66
SUR,i271mb_5GB$,10.32
SUR,i271mb_high_5GB$,22.36
SVK,i154_FBB5$,16.16
SVK,i271mb_5GB$,17.25
SVK,i271mb_high_5GB$,22.65
SVN,i154_FBB5$,40.92
SVN,i271mb_5GB$,2.63
SVN,i271mb_high_5GB$,10.51
SWE,i154_FBB5$,55.15
SWE,i271mb_5GB$,19.57
SWE,i271mb_high_5GB$,19.57
SWZ,i154_FBB5$,5.13
SWZ,i271mb_5GB$,13.51
SWZ,i271mb_high_5GB$,13.51
SXM,i154_FBB5$,27.93
SXM,i271mb_5GB$,16.76
SXM,i271mb_high_5GB$,27.93
SYC,i154_FBB5$,13.49
SYC,i271mb_5GB$,20.27
SYC,i271mb_high_5GB$,20.27
SYR,i154_FBB5$,0.76
SYR,i271mb_5GB$,2.44
SYR,i271mb_high_5GB$,2.86
TCA,i154_FBB5$,99
TCA,i271mb_5GB$,42
TCA,i271mb_high_5GB$,42
TCD,i271mb_5GB$,9.62
TCD,i271mb_high_5GB$,17.64
TGO,i154_FBB5$,24.06
TGO,i271mb_5GB$,8.02
TGO,i271mb_high_5GB$,14.43
THA,i154_FBB5$,15.72
THA,i271mb_5GB$,3.77
THA,i271mb_high_5GB$,6.71
TJK,i154_FBB5$,7.31
TJK,i271mb_5GB$,7.23
TJK,i271mb_high_5GB$,7.23
TKL,i154_FBB5$,17.03
TKL,i271mb_5GB$,17.03
TKL,i271mb_high_5GB$,17.03
TKM,i154_FBB5$,42.86
TKM,i271mb_5GB$,51.43
TKM,i271mb_high_5GB$,51.43
TLS,i154_FBB5$,49
TLS,i271mb_5GB$,5
TLS,i271mb_high_5GB$,5
TON,i271mb_5GB$,12.35
TON,i271mb_high_5GB$,12.35
TTO,i154_FBB5$,44.28
TTO,i271mb_5GB$,24.18
TTO,i271mb_high_5GB$,44.43
TUN,i154_FBB5$,12.93
TUN,i271mb_5GB$,4.74
TUN,i271mb_high_5GB$,5.31
TUR,i154_FBB5$,14.92
TUR,i271mb_5GB$,6.35
TUR,i271mb_high_5GB$,6.35
TUV,i154_FBB5$,67.12
TUV,i271mb_5GB$,13.42
TUV,i271mb_high_5GB$,28.86
TWN,i154_FBB5$,20.1
TWN,i271mb_5GB$,16.2
TWN,i271mb_high_5GB$,18.52
TZA,i154_FBB5$,27.53
TZA,i271mb_5GB$,4.72
TZA,i271mb_high_5GB$,6.43
UGA,i154_FBB5$,30.45
UGA,i271mb_5GB$,5.44
UGA,i271mb_high_5GB$,7.12
UKR,i154_FBB5$,12.21
UKR,i271mb_5GB$,5.99
UKR,i271mb_high_5GB$,5.99
URY,i154_FBB5$,36.7
URY,i271mb_5GB$,14.03
URY,i271mb_high_5GB$,20.25
USA,i154_FBB5$,54.44
USA,i271mb_5GB$,43.52
USA,i271mb_high_5GB$,48.96
UZB,i154_FBB5$,3.48
UZB,i271mb_5GB$,1.93
UZB,i271mb_high_5GB$,2.32
VCT,i154_FBB5$,46.3
VCT,i271mb_5GB$,44.41
VCT,i271mb_high_5GB$,44.41
VEN,i154_FBB5$,6.88
VEN,i271mb_5GB$,6.69
VGB,i154_FBB5$,121
VGB,i271mb_5GB$,25
VGB,i271mb_high_5GB$,45
VIR,i154_FBB5$,59.95
VIR,i271mb_5GB$,30
VIR,i271mb_high_5GB$,30
VNM,i154_FBB5$,6.72
VNM,i271mb_5GB$,2.85
VNM,i271mb_high_5GB$,3.83
VUT,i154_FBB5$,52.62
VUT,i271mb_5GB$,8.32
VUT,i271mb_high_5GB$,24.96
WLF,i154_FBB5$,69.65
WSM,i154_FBB5$,44.1
WSM,i271mb_5GB$,18.35
WSM,i271mb_high_5GB$,18.35
YEM,i154_FBB5$,2.97
YEM,i271mb_5GB$,5.66
YEM,i271mb_high_5GB$,8.19
ZAF,i154_FBB5$,17.03
ZAF,i271mb_5GB$,6.43
ZAF,i271mb_high_5GB$,18.76
ZMB,i154_FBB5$,3.54
ZMB,i271mb_5GB$,2.83
ZMB,i271mb_high_5GB$,4.24
ZWE,i154_FBB5$,14
ZWE,i271mb_high_5GB$,18.1
