	Use AI Daily	Use AI Weekly	Use AI Less Than Weekly	Never Used AI
:bg:Bulgaria	82%	67%	56%	14%
:vn:Vietnam	76%	77%	71%	39%
:cn:China	74%	56%	37%	30%
:ps:Palestinian Territories	70%	57%	46%	25%
:mt:Malta	59%	45%	31%	23%
:sg:Singapore	57%	44%	40%	26%
:nz:New Zealand	52%	35%	24%	10%
:cz:Czech Republic	50%	37%	26%	15%
:ie:Ireland	49%	42%	15%	15%
:nl:Netherlands	49%	37%	25%	8%
:ca:Canada	48%	33%	16%	11%
:uk:United Kingdom	47%	33%	21%	11%
:us:United States	45%	26%	15%	8%
:ua:Ukraine	38%	28%	21%	9%
:ru:Russia	36%	32%	19%	10%