	Daily	Weekly	Monthly or less	Aware but never used	Not aware
:sg:Singapore	45.90%	16.30%	16.80%	17.30%	3.60%
:il:Israel	37.30%	18.80%	7.30%	27.50%	9.10%
:cn:China	35.50%	26.10%	8.50%	13.20%	16.80%
:mt:Malta	30.60%	16.20%	12.40%	28.10%	12.80%
:bh:Bahrain	30.40%	11.50%	5.50%	35.50%	17.20%
:cz:Czech Republic	29.70%	22.10%	11.60%	31.80%	4.70%
:nl:Netherlands	29.50%	20.30%	13.20%	30.90%	6.20%
:ca:Canada	29.30%	17.80%	16.20%	30.40%	6.40%
:nz:New Zealand	29.10%	21.80%	17.30%	30.10%	1.60%
:uk:United Kingdom	28.50%	17.00%	18.80%	32.20%	3.50%
:sk:Slovakia	28.50%	21.50%	9.30%	33.40%	7.30%
:ie:Ireland	24.90%	17.70%	12.70%	39.70%	4.90%
:kz:Kazakhstan	24.10%	20.80%	9.00%	28.60%	17.60%
:us:United States	22.80%	22.00%	23.50%	30.00%	1.70%
:ru:Russia	20.80%	16.60%	14.40%	36.10%	12.00%
:ec:Ecuador	20.70%	10.10%	5.20%	21.40%	42.70%
:ua:Ukraine	20.40%	19.20%	9.30%	42.00%	9.00%
:br:Brazil	18.60%	11.70%	9.60%	41.00%	19.20%
:ma:Morocco	18.00%	5.40%	7.40%	33.80%	35.30%
:bg:Bulgaria	17.90%	19.10%	10.90%	36.80%	15.30%
:ps:Palestinian Territories	17.70%	17.00%	13.30%	42.30%	9.70%
:ba:Bosnia and Herzegovina	17.40%	18.10%	7.60%	27.00%	30.00%
:ga:Gabon	17.10%	9.20%	7.10%	27.90%	38.80%
:co:Colombia	16.50%	10.20%	8.10%	22.20%	42.90%
:kg:Kyrgyzstan	14.40%	9.90%	7.20%	31.60%	36.90%
:za:South Africa	12.40%	8.50%	5.30%	25.20%	48.60%
:gh:Ghana	12.10%	8.40%	5.40%	31.30%	42.80%
:vn:Vietnam	11.90%	20.90%	10.40%	35.50%	21.30%
:ke:Kenya	11.30%	7.40%	3.90%	27.00%	50.40%
:id:Indonesia	10.40%	10.40%	8.20%	28.00%	43.00%
:mx:Mexico	9.90%	7.90%	6.50%	34.10%	41.60%
:eg:Egypt	8.60%	5.90%	7.10%	45.10%	33.30%
:ng:Nigeria	8.50%	6.50%	4.60%	27.80%	52.60%
:km:Comoros	4.00%	2.60%	2.10%	14.20%	77.10%
:af:Afghanistan	2.00%	3.60%	2.40%	14.40%	77.70%
:bd:Bangladesh	1.80%	3.40%	4.90%	25.70%	64.20%
:mw:Malawi	1.00%	1.20%	0.60%	9.60%	87.50%

