AI Will Mostly Help or Harm People in This Country		AI Will Make Your Daily Life Mostly Better or Mostly Worse	
Countries/Areas	%Mostly Help	Countries/Areas	%Mostly Better
Top 5
:cn: China	93	:cn: China	92.7
:vn: Vietnam	91	:vn: Vietnam	91.4
:sg: Singapore	77	:sg: Singapore	83.3
:il: Israel	69	:mt: Malta	70.7
:ng: Nigeria	68	:il: Israel	69.2

Bottom 5
:af: Afghanistan	37	:ps: Palestinian Territories	40.6
:us: United States	36	:mw: Malawi	38.0
:mw: Malawi	35	:af: Afghanistan	36.3
:eg: Egypt	35	:eg: Egypt	34.8
:bd: Bangladesh	34	:bd: Bangladesh	32.5