Economy,H1 2025 AI Diffusion,H2 2025 AI Diffusion,Q1 2026 AI Diffusion,Q2 2026 AI Diffusion
United Arab Emirates,59.40%,64.00%,70.10%,73.3%
Singapore,58.60%,60.90%,63.40%,64.3%
Norway,45.30%,46.40%,48.60%,49.4%
Ireland,41.70%,44.60%,48.40%,49.9%
France,40.90%,44.00%,47.80%,49.6%
Spain,39.70%,41.80%,44.20%,45.1%
New Zealand,37.60%,40.50%,43.00%,44.1%
United Kingdom,36.40%,38.90%,42.20%,43.7%
Netherlands,36.30%,38.90%,42.10%,43.5%
Qatar,35.70%,38.30%,41.80%,43.5%
Australia,34.50%,36.90%,39.50%,40.7%
Belgium,33.50%,36.00%,39.00%,40.3%
Israel,33.90%,36.10%,38.10%,38.7%
Switzerland,32.40%,34.80%,37.80%,39.1%
Canada,33.50%,35.00%,37.30%,38.5%
South Korea,25.90%,30.70%,37.10%,40.6%
Sweden,31.20%,33.30%,36.10%,37.3%
Austria,29.10%,31.40%,34.10%,35.4%
Hungary,27.90%,29.80%,32.20%,33.3%
Taiwan,26.40%,28.40%,31.80%,33.8%
United States,26.30%,28.30%,31.30%,33.0%
Denmark,26.60%,28.70%,31.20%,32.4%
Germany,26.50%,28.60%,31.10%,32.3%
Poland,26.40%,28.50%,31.00%,32.3%
Italy,25.80%,27.80%,30.20%,31.4%
Czech Republic,26.00%,27.80%,30.10%,31.2%
Bulgaria,25.40%,27.30%,29.70%,30.7%
Jordan,25.40%,27.00%,29.70%,31.2%
Finland,25.60%,27.30%,29.50%,30.6%
Saudi Arabia,23.70%,26.20%,29.40%,31.4%
Slovenia,24.60%,26.50%,29.00%,30.1%
Costa Rica,25.10%,26.50%,28.50%,29.7%
Lebanon,24.80%,25.70%,27.30%,27.7%
Oman,22.60%,24.20%,26.50%,27.6%
Vietnam,21.20%,23.50%,26.50%,27.9%
Portugal,22.40%,24.20%,26.40%,27.4%
Slovakia,22.10%,23.80%,26.10%,27.1%
Croatia,21.80%,23.70%,26.10%,27.2%
Dominican Republic,22.00%,22.70%,24.80%,25.8%
Uruguay,20.90%,22.50%,24.60%,25.7%
Colombia,20.40%,22.00%,24.50%,25.9%
Lithuania,21.00%,22.40%,24.30%,25.1%
Serbia,19.70%,21.50%,24.10%,25.3%
Jamaica,22.20%,22.10%,24.00%,25.0%
Panama,20.30%,21.50%,23.30%,24.2%
South Africa,19.30%,21.10%,23.10%,23.9%
Chile,19.60%,20.80%,22.70%,24.0%
Japan,16.70%,19.10%,22.50%,24.7%
Bosnia And Herzegovina,18.20%,19.50%,22.10%,23.2%
Argentina,17.80%,19.60%,21.90%,23.4%
Malaysia,18.30%,19.70%,21.80%,22.6%
Kuwait,17.70%,19.10%,21.10%,22.6%
Greece,17.70%,19.10%,20.80%,21.5%
Georgia,17.30%,18.20%,20.50%,21.6%
Philippines,17.10%,18.30%,20.10%,20.7%
Mexico,16.70%,17.80%,20.10%,21.4%
Ecuador,17.00%,17.70%,19.50%,20.3%
Brazil,15.60%,17.10%,19.10%,20.2%
Moldova,16.60%,17.00%,18.50%,19.1%
Albania,15.80%,16.50%,18.50%,19.2%
El Salvador,14.60%,16.20%,18.30%,20.1%
Azerbaijan,14.20%,15.50%,17.70%,18.7%
India,14.20%,15.70%,17.60%,18.5%
Romania,15.30%,16.20%,17.50%,18.0%
TŸrkiye,13.40%,14.60%,17.40%,18.9%
Mongolia,12.60%,14.30%,16.70%,17.9%
China,15.40%,16.30%,16.40%,17.5%
Guatemala,13.70%,14.80%,16.40%,17.3%
Peru,13.40%,14.70%,16.40%,17.3%
Kazakhstan,12.70%,13.70%,15.90%,16.9%
Namibia,13.00%,13.80%,15.10%,15.4%
Libya,12.70%,13.70%,15.00%,15.5%
Gabon,12.30%,13.40%,15.00%,15.7%
Botswana,12.80%,13.70%,14.80%,15.0%
Egypt,12.50%,13.40%,14.80%,15.5%
Nepal,12.30%,13.00%,14.20%,14.6%
Indonesia,11.70%,12.70%,14.10%,14.8%
Honduras,12.40%,13.10%,14.00%,14.5%
Senegal,12.40%,12.90%,13.90%,14.4%
Tunisia,12.30%,12.70%,13.50%,13.9%
Algeria,11.30%,12.00%,13.20%,13.8%
Zambia,11.70%,12.30%,13.10%,13.3%
Cote D'Ivoire,10.80%,11.70%,13.10%,13.7%
Bolivia,10.90%,11.60%,12.70%,13.3%
Iran,9.60%,10.70%,12.60%,12.8%
Iraq,10.30%,11.20%,12.50%,13.0%
Thailand,9.10%,10.70%,12.40%,13.4%
Paraguay,10.10%,11.00%,12.20%,12.6%
Nicaragua,10.00%,10.70%,11.80%,12.5%
Morocco,10.50%,10.90%,11.70%,12.0%
Gambia,10.60%,10.90%,11.40%,11.5%
Pakistan,9.70%,10.30%,11.40%,11.9%
Angola,8.90%,9.70%,10.90%,11.4%
Madagascar,8.90%,9.70%,10.90%,11.4%
Malawi,8.90%,9.70%,10.90%,11.4%
Mozambique,8.90%,9.70%,10.90%,11.4%
French Guiana,8.30%,9.00%,10.30%,11.3%
Guyana,8.30%,9.00%,10.30%,11.3%
Suriname,8.30%,9.00%,10.30%,11.3%
Venezuela,8.30%,9.00%,10.30%,11.3%
Benin,8.70%,9.30%,10.10%,10.4%
Burkina Faso,8.70%,9.30%,10.10%,10.4%
Ghana,8.70%,9.30%,10.10%,10.4%
Guinea,8.70%,9.30%,10.10%,10.4%
Guinea-Bissau,8.70%,9.30%,10.10%,10.4%
Liberia,8.70%,9.30%,10.10%,10.4%
Mali,8.70%,9.30%,10.10%,10.4%
Mauritania,8.70%,9.30%,10.10%,10.4%
Niger,8.70%,9.30%,10.10%,10.4%
Nigeria,8.70%,9.30%,10.10%,10.4%
Sierra Leone,8.70%,9.30%,10.10%,10.4%
Togo,8.70%,9.30%,10.10%,10.4%
Myanmar,8.40%,9.10%,10.00%,10.4%
Lesotho,8.80%,9.10%,9.80%,9.9%
Belarus,7.60%,8.40%,9.60%,10.3%
Kyrgyzstan,7.60%,8.20%,9.50%,10.0%
Russia,7.60%,8.00%,9.50%,9.9%
Ukraine,9.10%,9.00%,9.40%,9.5%
Kenya,7.80%,8.10%,8.70%,8.9%
Cameroon,7.00%,7.80%,8.70%,9.1%
Central African Republic,7.00%,7.80%,8.70%,9.1%
Chad,7.00%,7.80%,8.70%,9.1%
Congo,7.00%,7.80%,8.70%,9.1%
Congo (DRC),7.00%,7.80%,8.70%,9.1%
Haiti,7.10%,7.60%,8.50%,8.9%
Zimbabwe,6.90%,7.60%,8.50%,8.9%
Bangladesh,6.50%,7.10%,7.80%,8.0%
Laos,6.00%,6.70%,7.80%,8.4%
Papua New Guinea,7.20%,7.30%,7.70%,7.6%
Burundi,6.40%,6.80%,7.60%,8.0%
Eritrea,6.40%,6.80%,7.60%,8.0%
Ethiopia,6.40%,6.80%,7.60%,8.0%
Somalia,6.40%,6.80%,7.60%,8.0%
South Sudan,6.40%,6.80%,7.60%,8.0%
Sudan,6.40%,6.80%,7.60%,8.0%
Tanzania,6.40%,6.80%,7.60%,8.0%
Uganda,6.40%,6.80%,7.60%,8.0%
Syria,6.70%,7.10%,7.50%,7.4%
Armenia,6.20%,6.60%,7.40%,7.7%
Sri Lanka,6.20%,6.60%,7.30%,7.6%
Uzbekistan,5.70%,6.30%,7.20%,7.6%
Rwanda,6.00%,6.30%,7.20%,7.6%
Cuba,5.70%,6.10%,6.70%,6.8%
Afghanistan,5.10%,5.60%,6.10%,6.3%
Tajikistan,5.10%,5.60%,6.10%,6.3%
Turkmenistan,5.10%,5.60%,6.10%,6.3%
Cambodia,4.60%,5.10%,5.70%,6.1%